{
  "accuracy": 0.754,
  "f1_macro": 0.7269989828496422,
  "f1_weighted": 0.7517643232934098,
  "precision_weighted": 0.7642234435476204,
  "recall_weighted": 0.754,
  "n_classes": 27,
  "n_features": 16192
}